<ImportExportXml xmlns:xsi="http://www.w3.org/2001/XMLSchema-instance" OrganizationVersion="9.2.25044.200" OrganizationSchemaType="Full" CRMServerServiceabilityVersion="9.2.25044.00200">
  <Entities>
    <Entity>
      <Name LocalizedName="Account" OriginalName="">Account</Name>
      <EntityInfo>
        <entity Name="Account">
          <attributes>
            <attribute PhysicalName="ark_IsValidated">
              <Type>bit</Type>
              <Name>ark_isvalidated</Name>
              <LogicalName>ark_isvalidated</LogicalName>
              <RequiredLevel>none</RequiredLevel>
              <DisplayMask>ValidForAdvancedFind|ValidForForm|ValidForGrid</DisplayMask>
              <ImeMode>auto</ImeMode>
              <ValidForUpdateApi>1</ValidForUpdateApi>
              <ValidForReadApi>1</ValidForReadApi>
              <ValidForCreateApi>1</ValidForCreateApi>
              <IsCustomField>1</IsCustomField>
              <IsAuditEnabled>1</IsAuditEnabled>
              <IsSecured>0</IsSecured>
              <IntroducedVersion>1.0.0.0</IntroducedVersion>
              <IsCustomizable>1</IsCustomizable>
              <IsRenameable>1</IsRenameable>
              <CanModifySearchSettings>1</CanModifySearchSettings>
              <CanModifyRequirementLevelSettings>1</CanModifyRequirementLevelSettings>
              <CanModifyAdditionalSettings>1</CanModifyAdditionalSettings>
              <SourceType>0</SourceType>
              <IsGlobalFilterEnabled>0</IsGlobalFilterEnabled>
              <IsSortableEnabled>0</IsSortableEnabled>
              <CanModifyGlobalFilterSettings>1</CanModifyGlobalFilterSettings>
              <CanModifyIsSortableSettings>1</CanModifyIsSortableSettings>
              <IsDataSourceSecret>0</IsDataSourceSecret>
              <AutoNumberFormat></AutoNumberFormat>
              <IsSearchable>0</IsSearchable>
              <IsFilterable>0</IsFilterable>
              <IsRetrievable>0</IsRetrievable>
              <IsLocalizable>0</IsLocalizable>
              <AppDefaultValue>0</AppDefaultValue>
              <optionset Name="ark_account_ark_isvalidated">
                <OptionSetType>bit</OptionSetType>
                <IntroducedVersion>1.0.0.0</IntroducedVersion>
                <IsCustomizable>1</IsCustomizable>
                <displaynames>
                  <displayname description="Is Validated" languagecode="1033" />
                </displaynames>
                <Descriptions>
                  <Description description="" languagecode="1033" />
                </Descriptions>
                <options>
                  <option value="0" Color="#0000ff" IsHidden="0">
                    <labels>
                      <label description="No" languagecode="1033" />
                    </labels>
                  </option>
                  <option value="1" Color="#0000ff" IsHidden="0">
                    <labels>
                      <label description="Yes" languagecode="1033" />
                    </labels>
                  </option>
                </options>
              </optionset>
              <displaynames>
                <displayname description="Is Validated" languagecode="1033" />
              </displaynames>
              <Descriptions>
                <Description description="Indicates whether the Main Phone is present." languagecode="1033" />
              </Descriptions>
            </attribute>
            <attribute PhysicalName="Name" unmodified="1">
              <Type>nvarchar</Type>
              <Name>name</Name>
              <LogicalName>name</LogicalName>
              <RequiredLevel>required</RequiredLevel>
              <DisplayMask>ActivityRegardingName|ActivityPointerRegardingName|PrimaryName|ValidForAdvancedFind|ValidForForm|ValidForGrid|RequiredForForm|RequiredForGrid</DisplayMask>
              <ImeMode>active</ImeMode>
              <ValidForUpdateApi>1</ValidForUpdateApi>
              <ValidForReadApi>1</ValidForReadApi>
              <ValidForCreateApi>1</ValidForCreateApi>
              <IsCustomField>0</IsCustomField>
              <IsAuditEnabled>1</IsAuditEnabled>
              <IsSecured>0</IsSecured>
              <IntroducedVersion>5.0.0.0</IntroducedVersion>
              <SourceType>0</SourceType>
              <IsGlobalFilterEnabled>0</IsGlobalFilterEnabled>
              <IsSortableEnabled>1</IsSortableEnabled>
              <IsDataSourceSecret>0</IsDataSourceSecret>
              <AutoNumberFormat></AutoNumberFormat>
              <IsSearchable>1</IsSearchable>
              <IsFilterable>0</IsFilterable>
              <IsRetrievable>1</IsRetrievable>
              <IsLocalizable>0</IsLocalizable>
              <Format>text</Format>
              <MaxLength>160</MaxLength>
              <Length>320</Length>
              <displaynames>
                <displayname description="Account Name" languagecode="1033" />
              </displaynames>
              <Descriptions>
                <Description description="Type the company or business name." languagecode="1033" />
              </Descriptions>
            </attribute>
            <attribute PhysicalName="Telephone1" unmodified="1">
              <Type>nvarchar</Type>
              <Name>telephone1</Name>
              <LogicalName>telephone1</LogicalName>
              <RequiredLevel>none</RequiredLevel>
              <DisplayMask>ValidForAdvancedFind|ValidForForm|ValidForGrid</DisplayMask>
              <ImeMode>inactive</ImeMode>
              <ValidForUpdateApi>1</ValidForUpdateApi>
              <ValidForReadApi>1</ValidForReadApi>
              <ValidForCreateApi>1</ValidForCreateApi>
              <IsCustomField>0</IsCustomField>
              <IsAuditEnabled>1</IsAuditEnabled>
              <IsSecured>0</IsSecured>
              <IntroducedVersion>5.0.0.0</IntroducedVersion>
              <SourceType>0</SourceType>
              <IsGlobalFilterEnabled>0</IsGlobalFilterEnabled>
              <IsSortableEnabled>1</IsSortableEnabled>
              <IsDataSourceSecret>0</IsDataSourceSecret>
              <AutoNumberFormat></AutoNumberFormat>
              <IsSearchable>1</IsSearchable>
              <IsFilterable>0</IsFilterable>
              <IsRetrievable>1</IsRetrievable>
              <IsLocalizable>0</IsLocalizable>
              <Format>phone</Format>
              <MaxLength>50</MaxLength>
              <Length>100</Length>
              <displaynames>
                <displayname description="Main Phone" languagecode="1033" />
              </displaynames>
              <Descriptions>
                <Description description="Type the main phone number for this account." languagecode="1033" />
              </Descriptions>
            </attribute>
          </attributes>
          <EntitySetName>accounts</EntitySetName>
          <IsDuplicateCheckSupported>1</IsDuplicateCheckSupported>
          <IsBusinessProcessEnabled>1</IsBusinessProcessEnabled>
          <IsRequiredOffline>0</IsRequiredOffline>
          <IsInteractionCentricEnabled>1</IsInteractionCentricEnabled>
          <IsCollaboration>0</IsCollaboration>
          <AutoRouteToOwnerQueue>0</AutoRouteToOwnerQueue>
          <IsConnectionsEnabled>1</IsConnectionsEnabled>
          <EntityColor>#794300</EntityColor>
          <IsDocumentManagementEnabled>1</IsDocumentManagementEnabled>
          <AutoCreateAccessTeams>0</AutoCreateAccessTeams>
          <IsOneNoteIntegrationEnabled>1</IsOneNoteIntegrationEnabled>
          <IsKnowledgeManagementEnabled>0</IsKnowledgeManagementEnabled>
          <IsSLAEnabled>0</IsSLAEnabled>
          <IsDocumentRecommendationsEnabled>0</IsDocumentRecommendationsEnabled>
          <IsBPFEntity>0</IsBPFEntity>
          <OwnershipTypeMask>UserOwned</OwnershipTypeMask>
          <EntityMask>ActivityPointer</EntityMask>
          <IsAuditEnabled>0</IsAuditEnabled>
          <IsRetrieveAuditEnabled>0</IsRetrieveAuditEnabled>
          <IsRetrieveMultipleAuditEnabled>0</IsRetrieveMultipleAuditEnabled>
          <IsActivity>0</IsActivity>
          <ActivityTypeMask></ActivityTypeMask>
          <IsActivityParty>1</IsActivityParty>
          <IsReplicated>1</IsReplicated>
          <IsReplicationUserFiltered>1</IsReplicationUserFiltered>
          <IsMailMergeEnabled>1</IsMailMergeEnabled>
          <IsVisibleInMobile>1</IsVisibleInMobile>
          <IsVisibleInMobileClient>1</IsVisibleInMobileClient>
          <IsReadOnlyInMobileClient>0</IsReadOnlyInMobileClient>
          <IsOfflineInMobileClient>1</IsOfflineInMobileClient>
          <DaysSinceRecordLastModified>0</DaysSinceRecordLastModified>
          <MobileOfflineFilters>&lt;fetch version="1.0" output-format="xml-platform" mapping="logical" distinct="false"&gt;&lt;entity name="account"&gt;&lt;/entity&gt;&lt;/fetch&gt;</MobileOfflineFilters>
          <IsMapiGridEnabled>1</IsMapiGridEnabled>
          <IsReadingPaneEnabled>1</IsReadingPaneEnabled>
          <IsQuickCreateEnabled>1</IsQuickCreateEnabled>
          <SyncToExternalSearchIndex>1</SyncToExternalSearchIndex>
          <IntroducedVersion>5.0.0.0</IntroducedVersion>
          <EnforceStateTransitions>0</EnforceStateTransitions>
          <EntityHelpUrlEnabled>0</EntityHelpUrlEnabled>
          <ChangeTrackingEnabled>1</ChangeTrackingEnabled>
          <IsEnabledForExternalChannels>1</IsEnabledForExternalChannels>
          <IsMSTeamsIntegrationEnabled>0</IsMSTeamsIntegrationEnabled>
          <IsSolutionAware>0</IsSolutionAware>
          <HasRelatedNotes>True</HasRelatedNotes>
          <HasRelatedActivities>True</HasRelatedActivities>
        </entity>
      </EntityInfo>
      <FormXml>
        <forms type="main">
          <systemform>
            <formid>{b053a39a-041a-4356-acef-ddf00182762b}</formid>
            <IntroducedVersion>5.0.0.0</IntroducedVersion>
            <FormPresentation>0</FormPresentation>
            <FormActivationState>0</FormActivationState>
            <form showImage="true" headerdensity="HighWithControls" solutionaction="Modified">
              <tabs>
                <tab name="general" verticallayout="true" id="{13b0fbf2-e596-4dc5-919b-7a0aea72598b}" IsUserDefined="0" expanded="true" ordinalvalue="0" solutionaction="Modified">
                  <columns>
                    <column width="100%" id="0">
                      <sections>
                        <section name="account information" showlabel="false" showbar="false" id="{407c4e29-b766-4efb-986c-f4c1d9be75ce}" IsUserDefined="0" ordinalvalue="0">
                          <rows>
                            <row>
                              <cell id="{ea0b806e-b8ff-474e-a676-962a67ec191d}" ordinalvalue="10000">
                                <labels>
                                  <label description="Account Name" languagecode="1033" solutionaction="Modified" />
                                </labels>
                              </cell>
                              <cell id="{10b26e53-bc30-481a-982e-3f70c476cd6a}" colspan="1" rowspan="1" ordinalvalue="20002" solutionaction="Modified">
                                <labels>
                                  <label description="Main Phone" languagecode="1033" solutionaction="Modified" />
                                </labels>
                              </cell>
                            </row>
                            <row>
                              <cell id="{414469ee-8334-476e-ae58-8ac4692d03eb}" ordinalvalue="10002" solutionaction="Removed" />
                              <cell id="{6ad12b41-f944-4536-b710-0223a9cd0e25}" ordinalvalue="20003" solutionaction="Removed" />
                            </row>
                            <row>
                              <cell id="{4c14f897-986a-40dc-a7ba-df7801d13f01}" ordinalvalue="10004" solutionaction="Removed" />
                              <cell id="{c5fd4d12-00d0-45d1-9e60-595d27c4f4fc}" ordinalvalue="20005" solutionaction="Removed" />
                            </row>
                            <row>
                              <cell id="{a8a9ce07-fda7-4329-8c1f-abf5cf028319}" ordinalvalue="10006" solutionaction="Removed" />
                              <cell id="{b0d69ad5-9803-48bd-b7ff-145ace4093e5}" ordinalvalue="20007" solutionaction="Removed" />
                            </row>
                            <row>
                              <cell id="{dd9cfe1d-a28a-4626-b56c-a247b5c7b759}" ordinalvalue="10008" solutionaction="Removed" />
                              <cell id="{01289424-a3c2-4c71-815b-cb5f2bfaf9ce}" ordinalvalue="20009" solutionaction="Removed" />
                            </row>
                            <row>
                              <cell locklevel="0" id="{5f7d17c1-80f4-4bb9-8b1e-1e200ab18d78}" ordinalvalue="10001" solutionaction="Added">
                                <labels>
                                  <label description="" languagecode="1033" />
                                </labels>
                              </cell>
                            </row>
                            <row>
                              <cell locklevel="0" id="{fe09a8df-da44-479c-bd5b-59d3676b5582}" ordinalvalue="10003" solutionaction="Added">
                                <labels>
                                  <label description="" languagecode="1033" />
                                </labels>
                              </cell>
                              <cell id="{8dd56e91-b982-4fcf-8c41-1b87ea363596}" locklevel="0" colspan="1" rowspan="1" ordinalvalue="20004" solutionaction="Added">
                                <labels>
                                  <label description="Is Validated" languagecode="1033" />
                                </labels>
                                <control id="ark_isvalidated" classid="{67FAC785-CD58-4F9F-ABB3-4B7DDC6ED5ED}" datafieldname="ark_isvalidated" disabled="true" />
                              </cell>
                            </row>
                          </rows>
                        </section>
                        <section name="address" showlabel="true" showbar="true" id="{5779eb54-a281-4f49-924f-7dad336c7107}" IsUserDefined="0" ordinalvalue="1" solutionaction="Removed" />
                        <section name="shipping information" showlabel="false" showbar="true" id="{73762e52-a191-4917-a386-7cd5960c6329}" IsUserDefined="0" ordinalvalue="2" solutionaction="Removed" />
                        <section name="description" showlabel="true" showbar="true" id="{371fc62b-6e62-4cad-9f70-76da338b39a3}" IsUserDefined="0" height="auto" ordinalvalue="3" solutionaction="Removed" />
                      </sections>
                    </column>
                  </columns>
                </tab>
                <tab name="details" id="{e8642bdb-3b0b-4ce4-bcca-646d04e856cb}" IsUserDefined="0" ordinalvalue="1" solutionaction="Removed" />
                <tab name="contacts" id="{52c46fc3-c588-42d2-b24a-764536e3ce79}" IsUserDefined="0" ordinalvalue="2" solutionaction="Removed" />
                <tab name="notes and activities" id="{61710424-A7C1-4db5-9489-788BCDCF267A}" IsUserDefined="0" expanded="false" ordinalvalue="3" solutionaction="Removed" />
                <tab name="administration" id="{5b8906be-c80f-4c26-8ba2-b07f45cb2936}" IsUserDefined="0" ordinalvalue="4" solutionaction="Removed" />
              </tabs>
              <header id="{2b89aa75-b991-4875-88b0-d7ed40d2aaf3}" celllabelposition="Top">
                <rows>
                  <row>
                    <cell id="{d7deb60b-a95d-5a1a-5c0b-3600cda8743c}" ordinalvalue="10000">
                      <labels>
                        <label description="Primary Contact" languagecode="1033" solutionaction="Modified" />
                      </labels>
                    </cell>
                    <cell id="{b8d5b412-13ce-83b0-15e5-e13754c73da7}" ordinalvalue="20001">
                      <labels>
                        <label description="Preferred Method of Contact" languagecode="1033" solutionaction="Modified" />
                      </labels>
                    </cell>
                    <cell id="{5e00a0b1-b693-1603-3bd9-612d1b3da9a0}" ordinalvalue="30002">
                      <labels>
                        <label description="Owner" languagecode="1033" solutionaction="Modified" />
                      </labels>
                    </cell>
                  </row>
                  <row>
                    <cell id="{4d0995d9-05d8-4b10-7e31-3631128e4163}" ordinalvalue="10003">
                      <labels>
                        <label description="Credit Limit" languagecode="1033" solutionaction="Modified" />
                      </labels>
                    </cell>
                    <cell id="{ca66c1d0-7d7a-1e71-c030-57125acd1474}" ordinalvalue="20004">
                      <labels>
                        <label description="Annual Revenue" languagecode="1033" solutionaction="Modified" />
                      </labels>
                    </cell>
                  </row>
                </rows>
              </header>
              <formLibraries solutionaction="Added">
                <Library name="msdyn_/ActivityFeeds.Form.js" libraryUniqueId="{4181da4c-6d13-ba3c-c859-be404e4ee2e3}" />
              </formLibraries>
              <footer id="{215c5cec-4595-46ed-92b7-7abfd8c86a55}" celllabelposition="Top" columns="111" labelwidth="115" celllabelalignment="Left" solutionaction="Added">
                <rows>
                  <row>
                    <cell id="{2aa0e565-a600-4d45-a57f-ea781a894c24}" showlabel="false" ordinalvalue="10000">
                      <labels>
                        <label description="" languagecode="1033" />
                      </labels>
                    </cell>
                    <cell id="{e22c5ae2-b557-4bc9-82f4-b00d9b6e42fc}" showlabel="false" ordinalvalue="20001">
                      <labels>
                        <label description="" languagecode="1033" />
                      </labels>
                    </cell>
                    <cell id="{d30e51bc-a738-4c4d-b240-32648cfad0e5}" showlabel="false" ordinalvalue="30002">
                      <labels>
                        <label description="" languagecode="1033" />
                      </labels>
                    </cell>
                  </row>
                </rows>
              </footer>
            </form>
            <LocalizedNames>
              <LocalizedName description="Information" languagecode="1033" />
            </LocalizedNames>
            <Descriptions>
              <Description description="A form for this entity." languagecode="1033" />
            </Descriptions>
          </systemform>
          <systemform>
            <formid>{8448b78f-8f42-454e-8e2a-f8196b0419af}</formid>
            <IntroducedVersion>5.0.0.0</IntroducedVersion>
            <FormPresentation>1</FormPresentation>
            <FormActivationState>1</FormActivationState>
            <form showImage="true" shownavigationbar="true" maxWidth="1920" headerdensity="HighWithControls" solutionaction="Modified">
              <tabs>
                <tab name="SUMMARY_TAB" id="{3b0b63a9-d379-689a-0ec3-e71eb4c6a841}" IsUserDefined="0" showlabel="true" expanded="true" locklevel="0" ordinalvalue="0">
                  <columns>
                    <column width="100%" id="0" solutionaction="Modified">
                      <sections>
                        <section name="ACCOUNT_INFORMATION" showlabel="true" showbar="false" id="{0eb92e6c-bcb8-0d52-a188-d81543ddb7cd}" IsUserDefined="0" layout="varwidth" columns="1" labelwidth="115" celllabelposition="Left" ordinalvalue="0">
                          <rows>
                            <row>
                              <cell id="{3441a91e-47c5-672c-7a20-902d6baa9036}" showlabel="true" colspan="1" rowspan="1" ordinalvalue="10001" solutionaction="Modified" />
                            </row>
                            <row>
                              <cell id="{93c1423d-84b4-7754-8ec2-934301809167}" showlabel="true" locklevel="0" visible="false" ordinalvalue="10002" solutionaction="Removed" />
                            </row>
                            <row>
                              <cell id="{8b98a55e-a345-b20e-d46e-801e79d5c1c1}" showlabel="true" ordinalvalue="10003" solutionaction="Removed" />
                            </row>
                            <row>
                              <cell id="{e6441984-4343-813a-aa7e-e2747ad35390}" showlabel="true" ordinalvalue="10004" solutionaction="Removed" />
                            </row>
                            <row>
                              <cell id="{87DE203E-B03C-44CC-8B06-438202B82553}" ordinalvalue="10005" solutionaction="Removed" />
                            </row>
                            <row>
                              <cell id="{24be16a9-e3c4-a7bb-37a6-b5c7143460e8}" showlabel="true" locklevel="0" ordinalvalue="10006" solutionaction="Removed" />
                            </row>
                            <row>
                              <cell id="{5f38af3a-3307-47dc-b36d-d9a5de525e6e}" showlabel="true" ordinalvalue="10007" solutionaction="Removed" />
                            </row>
                            <row>
                              <cell id="{b46fbce0-0bd8-400e-9bc0-9d3dae910bf8}" locklevel="0" colspan="1" rowspan="1" ordinalvalue="10002" solutionaction="Added">
                                <labels>
                                  <label description="Is Validated" languagecode="1033" />
                                </labels>
                                <control id="ark_isvalidated" classid="{67FAC785-CD58-4F9F-ABB3-4B7DDC6ED5ED}" datafieldname="ark_isvalidated" disabled="true" />
                              </cell>
                            </row>
                          </rows>
                        </section>
                        <section name="ADDRESS" showlabel="true" locklevel="0" showbar="false" id="{cc0fe06e-4b5f-4648-A62d-84d1514e1fc5}" IsUserDefined="0" layout="varwidth" columns="1" labelwidth="115" celllabelposition="Left" ordinalvalue="1" solutionaction="Removed" />
                        <section name="SUMMARY_TAB_ADDRESSINPUT_SECTION" id="95170053-ca2a-4db4-b161-fe2cadf151a0" IsUserDefined="0" locklevel="0" visible="false" showlabel="true" showbar="false" layout="varwidth" celllabelalignment="Left" celllabelposition="Left" columns="1" labelwidth="115" ordinalvalue="2" solutionaction="Removed" />
                        <section name="MapSection" showlabel="false" showbar="false" id="{e1c565b8-7db7-4a44-b4e7-281614ff849b}" IsUserDefined="0" layout="varwidth" columns="1" labelwidth="115" celllabelposition="Left" ordinalvalue="3" solutionaction="Removed" />
                      </sections>
                    </column>
                    <column width="42%" id="1" solutionaction="Removed" />
                    <column width="25%" id="2" solutionaction="Removed" />
                  </columns>
                </tab>
                <tab name="DETAILS_TAB" id="{11a42c72-9ded-ea04-253d-2143e731b795}" IsUserDefined="0" showlabel="true" expanded="true" ordinalvalue="1" solutionaction="Removed" />
                <tab name="AssetsAndLocationsTab" id="{9d2b89a1-bec3-0b60-b2a7-d459b760e832}" IsUserDefined="0" locklevel="0" showlabel="true" expanded="true" ordinalvalue="2" solutionaction="Removed" />
                <tab name="urstab" id="{c89e4b42-29b5-63b1-4666-65574779eddd}" IsUserDefined="0" locklevel="0" showlabel="true" expanded="true" visible="false" ordinalvalue="3" solutionaction="Removed" />
                <tab name="FieldService" id="{c267121d-ed5c-3554-ed2a-4b9c7cc17c51}" IsUserDefined="0" locklevel="0" showlabel="true" expanded="true" ordinalvalue="4" solutionaction="Removed" />
                <tab name="TradeCoveragesTab" id="dec3eeb2-80bd-46d2-9c9a-fececf38f057" IsUserDefined="0" locklevel="0" showlabel="true" ordinalvalue="5" solutionaction="Removed" />
                <tab name="InsuranceTab" id="5bba1e28-adf0-4044-942d-25820e26827f" IsUserDefined="0" locklevel="0" showlabel="true" ordinalvalue="6" solutionaction="Removed" />
                <tab name="WarrantiesTab" id="{6c7aec2d-aa63-8545-84cb-5995ae4e5aae}" IsUserDefined="0" locklevel="0" showlabel="true" expanded="true" ordinalvalue="7" solutionaction="Removed" />
                <tab name="documents_sharepoint" id="{5240e6be-ed06-8050-7115-ba225c7a4a13}" IsUserDefined="0" locklevel="0" showlabel="true" expanded="true" ordinalvalue="8" solutionaction="Removed" />
              </tabs>
              <header id="{d5a03552-1183-4347-a237-1f894ba449eb}" columns="111" celllabelposition="Top" labelwidth="115">
                <rows>
                  <row>
                    <cell id="{d3e19d4e-b2ae-409f-9b4e-5976527c6c83}" ordinalvalue="10000">
                      <labels>
                        <label description="Annual Revenue" languagecode="1033" solutionaction="Modified" />
                      </labels>
                    </cell>
                    <cell id="{2adb5a52-604d-5aad-ba6a-2bbab6c33594}" showlabel="true" ordinalvalue="20001">
                      <labels>
                        <label description="Number of Employees" languagecode="1033" solutionaction="Modified" />
                      </labels>
                    </cell>
                    <cell id="{54b2d0a2-eb77-b3cd-b60a-03ea6944e98e}" showlabel="true" locklevel="1" ordinalvalue="30002">
                      <labels>
                        <label description="Owner" languagecode="1033" solutionaction="Modified" />
                      </labels>
                    </cell>
                  </row>
                </rows>
              </header>
              <controlDescriptions>
                <controlDescription forControl="{3FF9A528-DD50-4ACA-8F10-2E5ED73513AD}" solutionaction="Removed" />
                <controlDescription forControl="{815D8A5B-6355-47B5-9500-EE2D658820D5}" solutionaction="Removed" />
              </controlDescriptions>
              <footer id="{344667b0-bdbc-4341-b5b6-8bb3dd0d25be}" celllabelposition="Top" columns="111" labelwidth="115" celllabelalignment="Left" solutionaction="Added">
                <rows>
                  <row>
                    <cell id="{2f907e78-6458-4721-a84a-e65ff40205d7}" showlabel="false" ordinalvalue="10000">
                      <labels>
                        <label description="" languagecode="1033" />
                      </labels>
                    </cell>
                    <cell id="{dbb06c66-4441-440c-ab2a-505bc6f3d187}" showlabel="false" ordinalvalue="20001">
                      <labels>
                        <label description="" languagecode="1033" />
                      </labels>
                    </cell>
                    <cell id="{f04c2293-bd03-4983-8151-ea3218f529d1}" showlabel="false" ordinalvalue="30002">
                      <labels>
                        <label description="" languagecode="1033" />
                      </labels>
                    </cell>
                  </row>
                </rows>
              </footer>
            </form>
            <LocalizedNames>
              <LocalizedName description="Account" languagecode="1033" />
            </LocalizedNames>
            <Descriptions>
              <Description description="Updated default Account form." languagecode="1033" />
            </Descriptions>
          </systemform>
        </forms>
      </FormXml>
      <RibbonDiffXml>
        <CustomActions />
        <Templates>
          <RibbonTemplates Id="Mscrm.Templates"></RibbonTemplates>
        </Templates>
        <CommandDefinitions />
        <RuleDefinitions>
          <TabDisplayRules />
          <DisplayRules />
          <EnableRules />
        </RuleDefinitions>
        <LocLabels />
      </RibbonDiffXml>
    </Entity>
  </Entities>
  <Roles></Roles>
  <Workflows></Workflows>
  <FieldSecurityProfiles></FieldSecurityProfiles>
  <Templates />
  <EntityMaps />
  <EntityRelationships />
  <OrganizationSettings />
  <optionsets />
  <CustomControls />
  <SolutionPluginAssemblies>
    <PluginAssembly FullName="AccountValidation.Plugins, Version=1.0.0.0, Culture=neutral, PublicKeyToken=784c629e415db081" PluginAssemblyId="d784ada1-3453-4f9f-bc21-8238fdcca48b" CustomizationLevel="1">
      <IsolationMode>2</IsolationMode>
      <SourceType>0</SourceType>
      <IntroducedVersion>1.0</IntroducedVersion>
      <FileName>/PluginAssemblies/AccountValidationPlugins-D784ADA1-3453-4F9F-BC21-8238FDCCA48B/AccountValidationPlugins.dll</FileName>
      <PluginTypes>
        <PluginType AssemblyQualifiedName="AccountValidation.Plugins.Plugins.Account.MainPhoneValidationPlugin, AccountValidation.Plugins, Version=1.0.0.0, Culture=neutral, PublicKeyToken=784c629e415db081" PluginTypeId="fd01a5f2-7f03-4c1e-b41f-f3089d0e9911" Name="AccountValidation.Plugins.Plugins.Account.MainPhoneValidationPlugin">
          <FriendlyName>642e02b2-960e-4d7c-9006-f05fe766ceea</FriendlyName>
        </PluginType>
      </PluginTypes>
    </PluginAssembly>
  </SolutionPluginAssemblies>
  <SdkMessageProcessingSteps>
    <SdkMessageProcessingStep Name="AccountValidation.Plugins.Plugins.Account.MainPhoneValidationPlugin: Create of account" SdkMessageProcessingStepId="{17253dbc-033b-f011-b4cc-7c1e5276d9eb}">
      <SdkMessageId>9ebdbb1b-ea3e-db11-86a7-000a3a5473e8</SdkMessageId>
      <PluginTypeName>AccountValidation.Plugins.Plugins.Account.MainPhoneValidationPlugin, AccountValidation.Plugins, Version=1.0.0.0, Culture=neutral, PublicKeyToken=784c629e415db081</PluginTypeName>
      <PluginTypeId>fd01a5f2-7f03-4c1e-b41f-f3089d0e9911</PluginTypeId>
      <PrimaryEntity>account</PrimaryEntity>
      <AsyncAutoDelete>0</AsyncAutoDelete>
      <Description>AccountValidation.Plugins.Plugins.Account.MainPhoneValidationPlugin: Create of account</Description>
      <FilteringAttributes></FilteringAttributes>
      <InvocationSource>1</InvocationSource>
      <Mode>0</Mode>
      <Rank>1</Rank>
      <EventHandlerTypeCode>4602</EventHandlerTypeCode>
      <Stage>20</Stage>
      <IsCustomizable>1</IsCustomizable>
      <IsHidden>0</IsHidden>
      <SupportedDeployment>0</SupportedDeployment>
      <IntroducedVersion>1.0</IntroducedVersion>
      <SdkMessageProcessingStepImages />
    </SdkMessageProcessingStep>
    <SdkMessageProcessingStep Name="AccountValidation.Plugins.Plugins.Account.MainPhoneValidationPlugin: Update of account" SdkMessageProcessingStepId="{ac3f3653-043b-f011-b4cc-7c1e5276d9eb}">
      <SdkMessageId>20bebb1b-ea3e-db11-86a7-000a3a5473e8</SdkMessageId>
      <PluginTypeName>AccountValidation.Plugins.Plugins.Account.MainPhoneValidationPlugin, AccountValidation.Plugins, Version=1.0.0.0, Culture=neutral, PublicKeyToken=784c629e415db081</PluginTypeName>
      <PluginTypeId>fd01a5f2-7f03-4c1e-b41f-f3089d0e9911</PluginTypeId>
      <PrimaryEntity>account</PrimaryEntity>
      <AsyncAutoDelete>0</AsyncAutoDelete>
      <Description>AccountValidation.Plugins.Plugins.Account.MainPhoneValidationPlugin: Update of account</Description>
      <FilteringAttributes>telephone1</FilteringAttributes>
      <InvocationSource>1</InvocationSource>
      <Mode>0</Mode>
      <Rank>1</Rank>
      <EventHandlerTypeCode>4602</EventHandlerTypeCode>
      <Stage>20</Stage>
      <IsCustomizable>1</IsCustomizable>
      <IsHidden>0</IsHidden>
      <SupportedDeployment>0</SupportedDeployment>
      <IntroducedVersion>1.0</IntroducedVersion>
      <SdkMessageProcessingStepImages>
        <SdkMessageProcessingStepImage Name="PreImage">
          <SdkMessageProcessingStepImageId>{b2af8976-053b-f011-b4cc-7c1e5276d9eb}</SdkMessageProcessingStepImageId>
          <Attributes>telephone1</Attributes>
          <EntityAlias>PreImage</EntityAlias>
          <ImageType>0</ImageType>
          <MessagePropertyName>Target</MessagePropertyName>
          <IsCustomizable>1</IsCustomizable>
        </SdkMessageProcessingStepImage>
      </SdkMessageProcessingStepImages>
    </SdkMessageProcessingStep>
  </SdkMessageProcessingSteps>
  <AppModuleSiteMaps>
    <AppModuleSiteMap>
      <SiteMapUniqueName>cr6da_AccountValidation</SiteMapUniqueName>
      <EnableCollapsibleGroups>False</EnableCollapsibleGroups>
      <ShowHome>True</ShowHome>
      <ShowPinned>True</ShowPinned>
      <ShowRecents>True</ShowRecents>
      <SiteMap IntroducedVersion="7.0.0.0">
        <Area Id="area_c22f5249" ResourceId="SitemapDesigner.NewTitle" DescriptionResourceId="SitemapDesigner.NewTitle" ShowGroups="true" IntroducedVersion="7.0.0.0">
          <Titles>
            <Title LCID="1033" Title="Area1" />
          </Titles>
          <Group Id="group_2b28fb5c" ResourceId="SitemapDesigner.NewGroup" DescriptionResourceId="SitemapDesigner.NewGroup" IntroducedVersion="7.0.0.0" IsProfile="false" ToolTipResourseId="SitemapDesigner.Unknown">
            <SubArea Id="subarea_73c73e71" Icon="/_imgs/imagestrips/transparent_spacer.gif" Entity="account" Client="All,Outlook,OutlookLaptopClient,OutlookWorkstationClient,Web" AvailableOffline="true" PassParams="false" Sku="All,OnPremise,Live,SPLA" />
          </Group>
        </Area>
      </SiteMap>
      <LocalizedNames>
        <LocalizedName description="AccountValidation" languagecode="1033" />
      </LocalizedNames>
    </AppModuleSiteMap>
  </AppModuleSiteMaps>
  <AppModules>
    <AppModule>
      <UniqueName>cr6da_AccountValidation</UniqueName>
      <IntroducedVersion>1.0.0.0</IntroducedVersion>
      <WebResourceId>953b9fac-1e5e-e611-80d6-00155ded156f</WebResourceId>
      <OptimizedFor></OptimizedFor>
      <statecode>0</statecode>
      <statuscode>1</statuscode>
      <FormFactor>1</FormFactor>
      <ClientType>4</ClientType>
      <NavigationType>0</NavigationType>
      <AppModuleComponents>
        <AppModuleComponent type="1" schemaName="account" />
        <AppModuleComponent type="62" schemaName="cr6da_AccountValidation" />
      </AppModuleComponents>
      <AppModuleRoleMaps>
        <Role id="{627090ff-40a3-4053-8790-584edc5be201}" />
        <Role id="{119f245c-3cc8-4b62-b31c-d1a046ced15d}" />
      </AppModuleRoleMaps>
      <LocalizedNames>
        <LocalizedName description="AccountValidation" languagecode="1033" />
      </LocalizedNames>
      <appsettings>
        <appsetting settingdefinitionid.uniquename="AppChannel">
          <iscustomizable>1</iscustomizable>
          <value>1</value>
        </appsetting>
      </appsettings>
    </AppModule>
  </AppModules>
  <EntityDataProviders />
  <Languages>
    <Language>1033</Language>
  </Languages>
</ImportExportXml>