<ImportExportXml version="9.2.25044.200" SolutionPackageVersion="9.2" languagecode="1033" generatedBy="CrmLive" xmlns:xsi="http://www.w3.org/2001/XMLSchema-instance" OrganizationVersion="9.2.25044.200" OrganizationSchemaType="Full" CRMServerServiceabilityVersion="9.2.25044.00200">
  <SolutionManifest>
    <UniqueName>AccountValidationSolution</UniqueName>
    <LocalizedNames>
      <LocalizedName description="AccountValidationSolution" languagecode="1033" />
    </LocalizedNames>
    <Descriptions />
    <Version>1.0.0.1</Version>
    <Managed>0</Managed>
    <Publisher>
      <UniqueName>ArkadiiPublisher</UniqueName>
      <LocalizedNames>
        <LocalizedName description="Arkadii Publisher" languagecode="1033" />
      </LocalizedNames>
      <Descriptions />
      <EMailAddress xsi:nil="true"></EMailAddress>
      <SupportingWebsiteUrl xsi:nil="true"></SupportingWebsiteUrl>
      <CustomizationPrefix>ark</CustomizationPrefix>
      <CustomizationOptionValuePrefix>75082</CustomizationOptionValuePrefix>
      <Addresses>
        <Address>
          <AddressNumber>1</AddressNumber>
          <AddressTypeCode>1</AddressTypeCode>
          <City xsi:nil="true"></City>
          <County xsi:nil="true"></County>
          <Country xsi:nil="true"></Country>
          <Fax xsi:nil="true"></Fax>
          <FreightTermsCode xsi:nil="true"></FreightTermsCode>
          <ImportSequenceNumber xsi:nil="true"></ImportSequenceNumber>
          <Latitude xsi:nil="true"></Latitude>
          <Line1 xsi:nil="true"></Line1>
          <Line2 xsi:nil="true"></Line2>
          <Line3 xsi:nil="true"></Line3>
          <Longitude xsi:nil="true"></Longitude>
          <Name xsi:nil="true"></Name>
          <PostalCode xsi:nil="true"></PostalCode>
          <PostOfficeBox xsi:nil="true"></PostOfficeBox>
          <PrimaryContactName xsi:nil="true"></PrimaryContactName>
          <ShippingMethodCode>1</ShippingMethodCode>
          <StateOrProvince xsi:nil="true"></StateOrProvince>
          <Telephone1 xsi:nil="true"></Telephone1>
          <Telephone2 xsi:nil="true"></Telephone2>
          <Telephone3 xsi:nil="true"></Telephone3>
          <TimeZoneRuleVersionNumber xsi:nil="true"></TimeZoneRuleVersionNumber>
          <UPSZone xsi:nil="true"></UPSZone>
          <UTCOffset xsi:nil="true"></UTCOffset>
          <UTCConversionTimeZoneCode xsi:nil="true"></UTCConversionTimeZoneCode>
        </Address>
        <Address>
          <AddressNumber>2</AddressNumber>
          <AddressTypeCode>1</AddressTypeCode>
          <City xsi:nil="true"></City>
          <County xsi:nil="true"></County>
          <Country xsi:nil="true"></Country>
          <Fax xsi:nil="true"></Fax>
          <FreightTermsCode xsi:nil="true"></FreightTermsCode>
          <ImportSequenceNumber xsi:nil="true"></ImportSequenceNumber>
          <Latitude xsi:nil="true"></Latitude>
          <Line1 xsi:nil="true"></Line1>
          <Line2 xsi:nil="true"></Line2>
          <Line3 xsi:nil="true"></Line3>
          <Longitude xsi:nil="true"></Longitude>
          <Name xsi:nil="true"></Name>
          <PostalCode xsi:nil="true"></PostalCode>
          <PostOfficeBox xsi:nil="true"></PostOfficeBox>
          <PrimaryContactName xsi:nil="true"></PrimaryContactName>
          <ShippingMethodCode>1</ShippingMethodCode>
          <StateOrProvince xsi:nil="true"></StateOrProvince>
          <Telephone1 xsi:nil="true"></Telephone1>
          <Telephone2 xsi:nil="true"></Telephone2>
          <Telephone3 xsi:nil="true"></Telephone3>
          <TimeZoneRuleVersionNumber xsi:nil="true"></TimeZoneRuleVersionNumber>
          <UPSZone xsi:nil="true"></UPSZone>
          <UTCOffset xsi:nil="true"></UTCOffset>
          <UTCConversionTimeZoneCode xsi:nil="true"></UTCConversionTimeZoneCode>
        </Address>
      </Addresses>
    </Publisher>
    <RootComponents>
      <RootComponent type="1" schemaName="account" behavior="1" />
      <RootComponent type="62" schemaName="cr6da_AccountValidation" behavior="0" />
      <RootComponent type="80" schemaName="cr6da_AccountValidation" behavior="0" />
      <RootComponent type="91" id="{d784ada1-3453-4f9f-bc21-8238fdcca48b}" schemaName="AccountValidation.Plugins, Version=1.0.0.0, Culture=neutral, PublicKeyToken=784c629e415db081" behavior="0" />
      <RootComponent type="92" id="{17253dbc-033b-f011-b4cc-7c1e5276d9eb}" behavior="0" />
      <RootComponent type="92" id="{ac3f3653-043b-f011-b4cc-7c1e5276d9eb}" behavior="0" />
    </RootComponents>
    <MissingDependencies>
      <MissingDependency>
        <Required type="10" schemaName="msdyn_account_account_BillingAccount" displayName="msdyn_account_account_BillingAccount" parentSchemaName="account" parentDisplayName="Account" solution="FieldServiceCommon (1.0.0.1185)">
          <package appName="Field Service" version="8.8.134.558">FieldService_trial (8.8.134.558)</package>
        </Required>
        <Dependent type="60" displayName="Account" parentDisplayName="Account" id="{8448b78f-8f42-454e-8e2a-f8196b0419af}" />
      </MissingDependency>
      <MissingDependency>
        <Required type="10" schemaName="msdyn_account_msdyn_agreement_BillingAccount" displayName="msdyn_account_msdyn_agreement_BillingAccount" parentSchemaName="account" parentDisplayName="Account" solution="FieldService (8.8.0.88)">
          <package appName="Field Service" version="8.8.134.558">FieldService_trial (8.8.134.558)</package>
        </Required>
        <Dependent type="60" displayName="Account" parentDisplayName="Account" id="{8448b78f-8f42-454e-8e2a-f8196b0419af}" />
      </MissingDependency>
      <MissingDependency>
        <Required type="10" schemaName="msdyn_account_msdyn_agreement_ServiceAccount" displayName="msdyn_account_msdyn_agreement_ServiceAccount" parentSchemaName="account" parentDisplayName="Account" solution="FieldService (8.8.0.88)">
          <package appName="Field Service" version="8.8.134.558">FieldService_trial (8.8.134.558)</package>
        </Required>
        <Dependent type="60" displayName="Account" parentDisplayName="Account" id="{8448b78f-8f42-454e-8e2a-f8196b0419af}" />
      </MissingDependency>
      <MissingDependency>
        <Required type="10" schemaName="msdyn_account_msdyn_payment_Account" displayName="msdyn_account_msdyn_payment_Account" parentSchemaName="account" parentDisplayName="Account" solution="FieldService (8.8.0.88)">
          <package appName="Field Service" version="8.8.134.558">FieldService_trial (8.8.134.558)</package>
        </Required>
        <Dependent type="60" displayName="Account" parentDisplayName="Account" id="{8448b78f-8f42-454e-8e2a-f8196b0419af}" />
      </MissingDependency>
      <MissingDependency>
        <Required type="10" schemaName="msdyn_account_msdyn_rma_BillingAccount" displayName="msdyn_account_msdyn_rma_BillingAccount" parentSchemaName="account" parentDisplayName="Account" solution="FieldService (8.8.0.88)">
          <package appName="Field Service" version="8.8.134.558">FieldService_trial (8.8.134.558)</package>
        </Required>
        <Dependent type="60" displayName="Account" parentDisplayName="Account" id="{8448b78f-8f42-454e-8e2a-f8196b0419af}" />
      </MissingDependency>
      <MissingDependency>
        <Required type="10" schemaName="msdyn_account_msdyn_rma_ServiceAccount" displayName="msdyn_account_msdyn_rma_ServiceAccount" parentSchemaName="account" parentDisplayName="Account" solution="FieldService (8.8.0.88)">
          <package appName="Field Service" version="8.8.134.558">FieldService_trial (8.8.134.558)</package>
        </Required>
        <Dependent type="60" displayName="Account" parentDisplayName="Account" id="{8448b78f-8f42-454e-8e2a-f8196b0419af}" />
      </MissingDependency>
      <MissingDependency>
        <Required type="10" schemaName="msdyn_account_msdyn_rtv_Vendor" displayName="msdyn_account_msdyn_rtv_Vendor" parentSchemaName="account" parentDisplayName="Account" solution="FieldService (8.8.0.88)">
          <package appName="Field Service" version="8.8.134.558">FieldService_trial (8.8.134.558)</package>
        </Required>
        <Dependent type="60" displayName="Account" parentDisplayName="Account" id="{8448b78f-8f42-454e-8e2a-f8196b0419af}" />
      </MissingDependency>
      <MissingDependency>
        <Required type="10" schemaName="msdyn_account_msdyn_workorder_BillingAccount" displayName="msdyn_account_msdyn_workorder_BillingAccount" parentSchemaName="account" parentDisplayName="Account" solution="FieldService (8.8.0.88)">
          <package appName="Field Service" version="8.8.134.558">FieldService_trial (8.8.134.558)</package>
        </Required>
        <Dependent type="60" displayName="Account" parentDisplayName="Account" id="{8448b78f-8f42-454e-8e2a-f8196b0419af}" />
      </MissingDependency>
      <MissingDependency>
        <Required type="10" schemaName="msdyn_account_msdyn_workorder_ServiceAccount" displayName="msdyn_account_msdyn_workorder_ServiceAccount" parentSchemaName="account" parentDisplayName="Account" solution="FieldService (8.8.0.88)">
          <package appName="Field Service" version="8.8.134.558">FieldService_trial (8.8.134.558)</package>
        </Required>
        <Dependent type="60" displayName="Account" parentDisplayName="Account" id="{8448b78f-8f42-454e-8e2a-f8196b0419af}" />
      </MissingDependency>
      <MissingDependency>
        <Required type="10" schemaName="msdyn_account_msdyn_customerasset_Account" displayName="msdyn_account_msdyn_customerasset_Account" parentSchemaName="msdyn_customerasset" parentDisplayName="Customer Asset" solution="msdyn_AssetCommon (1.0.50.99)">
          <package appName="msdynce_Service" version="9.0.25044.1005">msdynce_ServiceAnchor (9.0.25044.1005)</package>
          <package appName="Field Service" version="8.8.134.558">FieldService_trial (8.8.134.558)</package>
        </Required>
        <Dependent type="60" displayName="Account" parentDisplayName="Account" id="{8448b78f-8f42-454e-8e2a-f8196b0419af}" />
      </MissingDependency>
      <MissingDependency>
        <Required type="10" schemaName="msdyn_account_msdyn_purchaseorder_Vendor" displayName="msdyn_account_msdyn_purchaseorder_Vendor" parentSchemaName="msdyn_purchaseorder" parentDisplayName="Purchase Order" solution="FieldServiceCommon (1.0.0.1185)">
          <package appName="Field Service" version="8.8.134.558">FieldService_trial (8.8.134.558)</package>
        </Required>
        <Dependent type="60" displayName="Account" parentDisplayName="Account" id="{8448b78f-8f42-454e-8e2a-f8196b0419af}" />
      </MissingDependency>
      <MissingDependency>
        <Required type="60" displayName="Account" parentDisplayName="Account" solution="msdynce_AppCommon (9.0.4.0066)" id="{8448b78f-8f42-454e-8e2a-f8196b0419af}">
          <package appName="msdynce_AppCommon" version="9.0.25041.10001">msdynce_AppCommonAnchor (9.0.25041.10001)</package>
        </Required>
        <Dependent type="60" displayName="Account" parentDisplayName="Account" id="{8448b78f-8f42-454e-8e2a-f8196b0419af}" />
      </MissingDependency>
      <MissingDependency>
        <Required type="60" displayName="Information" parentDisplayName="Account" solution="msdynce_AppCommon (9.0.4.0066)" id="{b053a39a-041a-4356-acef-ddf00182762b}">
          <package appName="msdynce_AppCommon" version="9.0.25041.10001">msdynce_AppCommonAnchor (9.0.25041.10001)</package>
        </Required>
        <Dependent type="60" displayName="Information" parentDisplayName="Account" id="{b053a39a-041a-4356-acef-ddf00182762b}" />
      </MissingDependency>
      <MissingDependency>
        <Required type="61" schemaName="AppCommon/Account/Account_main_system_library.js" displayName="AppCommon/Account/Account_main_system_library.js" solution="msdynce_AppCommon (9.0.4.0066)">
          <package appName="msdynce_AppCommon" version="9.0.25041.10001">msdynce_AppCommonAnchor (9.0.25041.10001)</package>
        </Required>
        <Dependent type="60" displayName="Account" parentDisplayName="Account" id="{8448b78f-8f42-454e-8e2a-f8196b0419af}" />
      </MissingDependency>
      <MissingDependency>
        <Required type="61" schemaName="msdyn_/Account/Account.Library.js" displayName="msdyn_/Account/Account.Library.js" solution="FieldService (8.8.0.88)">
          <package appName="Field Service" version="8.8.134.558">FieldService_trial (8.8.134.558)</package>
        </Required>
        <Dependent type="60" displayName="Account" parentDisplayName="Account" id="{8448b78f-8f42-454e-8e2a-f8196b0419af}" />
      </MissingDependency>
      <MissingDependency>
        <Required type="61" schemaName="msdyn_/Account/AssetCommon.Account.Library.js" displayName="msdyn_/Account/AssetCommon.Account.Library.js" solution="msdyn_AssetCommon (1.0.50.99)">
          <package appName="msdynce_Service" version="9.0.25044.1005">msdynce_ServiceAnchor (9.0.25044.1005)</package>
          <package appName="Field Service" version="8.8.134.558">FieldService_trial (8.8.134.558)</package>
        </Required>
        <Dependent type="60" displayName="Account" parentDisplayName="Account" id="{8448b78f-8f42-454e-8e2a-f8196b0419af}" />
      </MissingDependency>
      <MissingDependency>
        <Required type="61" schemaName="msdyn_/ActivityFeeds.Form.js" displayName="msdyn_/ActivityFeeds.Form.js" solution="ActivityFeedsCore (9.0.0.0011)">
          <package appName="ActivityFeedsCore" version="9.0.0.0011">ActivityFeedsCore (9.0.0.0011)</package>
        </Required>
        <Dependent type="60" displayName="Information" parentDisplayName="Account" id="{b053a39a-041a-4356-acef-ddf00182762b}" />
      </MissingDependency>
      <MissingDependency>
        <Required type="61" schemaName="msdyn_/Images/AppModule_Default_Icon.png" displayName="msdyn_/Images/AppModule_Default_Icon.png" solution="AppModuleWebResources (2.5)">
          <package appName="AppModule Web Resources Package" version="2.5">AppModuleWebResources (2.5)</package>
        </Required>
        <Dependent type="80" schemaName="cr6da_AccountValidation" displayName="AccountValidation" />
      </MissingDependency>
      <MissingDependency>
        <Required type="61" schemaName="msdyn_/Utils/FieldServiceTrial.js" displayName="msdyn_/Utils/FieldServiceTrial.js" solution="FieldService (8.8.0.88)">
          <package appName="Field Service" version="8.8.134.558">FieldService_trial (8.8.134.558)</package>
        </Required>
        <Dependent type="60" displayName="Account" parentDisplayName="Account" id="{8448b78f-8f42-454e-8e2a-f8196b0419af}" />
      </MissingDependency>
      <MissingDependency>
        <Required type="61" schemaName="msdyn_SalesOmniChannel/SalesPhoneNumber.Library.js" displayName="msdyn_SalesOmniChannel/SalesPhoneNumber.Library.js" solution="msdyn_SalesOmniChannel (9.1.25041.10001)">
          <package appName="msdyn_AcceleratedSales" version="9.1.25041.10001">msdyn_AcceleratedSalesAnchor (9.1.25041.10001)</package>
        </Required>
        <Dependent type="60" displayName="Account" parentDisplayName="Account" id="{8448b78f-8f42-454e-8e2a-f8196b0419af}" />
      </MissingDependency>
      <MissingDependency>
        <Required type="66" schemaName="msdyn_MscrmControls.TreeView.TreeViewControl" displayName="msdyn_MscrmControls.TreeView.TreeViewControl" solution="msdyn_AssetCommon (1.0.50.99)">
          <package appName="msdynce_Service" version="9.0.25044.1005">msdynce_ServiceAnchor (9.0.25044.1005)</package>
          <package appName="Field Service" version="8.8.134.558">FieldService_trial (8.8.134.558)</package>
        </Required>
        <Dependent type="60" displayName="Account" parentDisplayName="Account" id="{8448b78f-8f42-454e-8e2a-f8196b0419af}" />
      </MissingDependency>
      <MissingDependency>
        <Required type="66" schemaName="msdyn_SalesOmniChannel.SalesPhoneNumberControl" displayName="msdyn_SalesOmniChannel.SalesPhoneNumberControl" solution="msdyn_SalesOmniChannel (9.1.25041.10001)">
          <package appName="msdyn_AcceleratedSales" version="9.1.25041.10001">msdyn_AcceleratedSalesAnchor (9.1.25041.10001)</package>
        </Required>
        <Dependent type="60" displayName="Account" parentDisplayName="Account" id="{8448b78f-8f42-454e-8e2a-f8196b0419af}" />
      </MissingDependency>
      <MissingDependency>
        <Required type="SettingDefinition" displayName="AppChannel" solution="msdyn_AppFrameworkInfraExtensions (1.0.0.14)" id.uniquename="AppChannel">
          <package appName="PowerAppsAppFramework Package" version="1.0.0.19">PowerAppsAppFramework_Anchor (1.0.0.19)</package>
        </Required>
        <Dependent type="AppSetting" displayName="parentappmoduleid.uniquename=cr6da_AccountValidation,settingdefinitionid.uniquename=AppChannel" id.parentappmoduleid.uniquename="cr6da_AccountValidation" id.settingdefinitionid.uniquename="AppChannel" />
      </MissingDependency>
    </MissingDependencies>
  </SolutionManifest>
</ImportExportXml>